{
  "loss": [
    4.439079284667969, 0.9760041236877441, 0.781775951385498,
    0.7163887023925781, 0.6701898574829102, 0.6233577728271484,
    0.5850383043289185, 0.5551593899726868, 0.5338224768638611,
    0.4953930974006653
  ],
  "accuracy": [
    0.6396223902702332, 0.7170557379722595, 0.7477994561195374,
    0.7679551243782043, 0.7842836976051331, 0.8048220276832581,
    0.8219160437583923, 0.8364587426185608, 0.842326819896698,
    0.8586554527282715
  ],
  "val_loss": [
    8.15394401550293, 0.9430634379386902, 1.093279242515564, 0.968730092048645,
    0.8818827867507935, 0.8119975924491882, 0.9017019271850586,
    1.1461024284362793, 1.1706266403198242, 0.8421428799629211
  ],
  "val_accuracy": [
    0.6673469543457031, 0.7173469662666321, 0.6760203838348389,
    0.704081654548645, 0.7469387650489807, 0.7561224699020386,
    0.7229591608047485, 0.7285714149475098, 0.7244898080825806,
    0.7709183692932129
  ]
}
